post_id,fact_check_id
10,[98619]
15,[132343]
46,[107237]
50,[90502]
59,[29092]
65,[54210]
71,[13904]
72,[193412]
76,[68098]
110,[172286]
117,[73695]
120,[58104]
132,[84718]
135,[30447]
146,[8048]
164,"[47488, 101637]"
170,[143199]
182,[133424]
183,[153879]
191,[54355]
202,[139066]
207,[112305]
209,[71397]
222,"[101432, 84288]"
267,[101863]
284,[68430]
286,[110332]
287,[115643]
289,[121608]
290,[134205]
295,[136719]
311,[149207]
319,[105482]
330,[96537]
332,[54668]
336,[127023]
381,[47014]
392,[81029]
419,[33932]
427,[59768]
440,[72839]
443,[52359]
444,[134200]
454,"[144471, 131947]"
460,[81673]
472,[128066]
474,[53711]
495,[169130]
498,[101978]
526,[102769]
535,[62502]
537,[83676]
561,[199131]
563,[18010]
572,[143941]
577,[80259]
594,[99742]
611,[86371]
620,[96929]
628,[133909]
632,[137643]
643,"[89115, 35479]"
647,[50701]
661,[53864]
664,[103455]
667,[114424]
687,[12042]
692,[83557]
711,[134511]
718,[88950]
720,[86025]
758,[86707]
761,[58957]
764,[47596]
790,[54077]
792,[76129]
805,[87342]
828,[51921]
832,[41154]
855,"[59111, 97793]"
886,[53807]
905,[50191]
921,[121296]
923,[56835]
932,[50856]
935,[81913]
941,[58459]
967,[51367]
990,[81840]
993,[39414]
1013,[102757]
1015,[45386]
1025,[96365]
1051,[28936]
1057,[102720]
1082,[29336]
1109,[133930]
1122,[42620]
1128,[29750]
1132,[81819]
1148,[25107]
1171,[104208]
1183,[59771]
1191,[37449]
1197,[54301]
1207,[15633]
1217,[82676]
1225,[50790]
1235,[36585]
1239,[146593]
1247,[83969]
1248,[74136]
1251,[11808]
1266,[97632]
1280,[63470]
1310,[83059]
1312,[72054]
1330,[99698]
1333,[103997]
1338,[44557]
1339,[54008]
1349,[34210]
1371,"[74023, 101968]"
1376,"[84817, 50944]"
1380,[30871]
1403,[168162]
1413,[168695]
1431,"[138138, 50375]"
1454,[108528]
1455,[146206]
1463,[36760]
1506,[61682]
1517,[81131]
1542,[15959]
1551,[99896]
1560,[87776]
1564,[30896]
1572,[96286]
1575,[85621]
1577,[199233]
1601,[32635]
1603,[96479]
1610,[193442]
1627,[128676]
1647,[107828]
1653,[64475]
1658,[110484]
1676,[167278]
1677,[67957]
1684,[82031]
1708,[45207]
1725,[118333]
1734,[108908]
1750,[54077]
1752,[50496]
1767,"[93185, 40524]"
1774,[51444]
1806,[193838]
1807,[137604]
1809,[53967]
1819,[97593]
1824,[80819]
1844,[72315]
1849,[84961]
1853,[80379]
1857,[99956]
1860,[119209]
1878,[131665]
1891,[112503]
1899,[85053]
1908,[98740]
1921,[39353]
1937,[200122]
1940,[31538]
1945,[36114]
1956,[95412]
1973,[26507]
1979,[64614]
1984,[136022]
1986,[193337]
2004,[133179]
2007,[72686]
2021,[101234]
2035,[121776]
2038,[84524]
2039,[105477]
2047,[79943]
2050,[127178]
2064,[51535]
2074,[121268]
2087,[101916]
2088,[71848]
2107,[155552]
2116,[53917]
2121,[52933]
2122,[87759]
2135,[82516]
2137,[114073]
2157,[40069]
2178,[197900]
2186,"[134245, 36417]"
2196,[34296]
2229,[28499]
2253,[39750]
2270,[147672]
2274,[93212]
2303,"[176472, 263]"
2312,[123673]
2370,[78367]
2372,[141108]
2376,[13440]
2381,[193258]
2388,[28126]
2391,[101968]
2395,[67480]
2411,[33019]
2414,[93561]
2425,[52838]
2428,[37700]
2429,[144443]
2430,[51608]
2458,"[81314, 84544]"
2459,[84544]
2463,[969]
2469,[149799]
2478,[141781]
2510,[93265]
2524,[90548]
2560,[120071]
2561,[124150]
2598,"[102860, 121607]"
2607,[120096]
2610,[47895]
2621,[193346]
2626,[193571]
2632,"[167763, 82091]"
2633,[133525]
2637,"[59105, 28326]"
2653,[75122]
2671,[41184]
2672,"[132168, 44321]"
2684,[108240]
2688,[41212]
2716,[90159]
2726,[121292]
2732,[55370]
2735,[150206]
2742,[59182]
2749,"[137678, 40346]"
2768,[193319]
2775,[118703]
2793,[54416]
2822,[38043]
2826,"[125337, 58595]"
2841,[120861]
2842,[146578]
2844,[89115]
2855,[96608]
2864,[111529]
2865,[7168]
2867,[83521]
2897,[106142]
2900,[51531]
2915,[19433]
2917,[108815]
2923,[80283]
2945,[44338]
2956,[133870]
2957,[83690]
2964,[79410]
2966,[136091]
2975,[100605]
2976,[66384]
2981,[137503]
2982,[118027]
3002,[146973]
3003,"[90039, 13530]"
3011,[165190]
3012,[108204]
3035,[76963]
3037,[52872]
3088,"[51311, 48286]"
3095,[103697]
3104,[110585]
3108,[91114]
3116,[25444]
3117,[54415]
3120,[39337]
3121,[79834]
3134,[111702]
3136,[102927]
3146,[137627]
3150,[103693]
3158,"[79431, 87543]"
3161,[132436]
3171,[44292]
3186,[55364]
3193,[82852]
3204,[54183]
3240,[112796]
3243,[59348]
3258,[35792]
3267,[15908]
3269,[137923]
3273,[124001]
3275,[7679]
3290,[148843]
3310,[194093]
3318,[61672]
3322,[83970]
3332,[59967]
3334,[74206]
3339,[113020]
3346,[17934]
3347,[134317]
3374,[114078]
3397,[988]
3398,[105463]
3400,[86999]
3403,[110983]
3404,[105490]
3406,[102757]
3417,[36684]
3430,[103119]
3439,[44055]
3440,[84959]
3441,[54387]
3466,[104269]
3472,[51523]
3491,[91651]
3517,[146892]
3523,[12120]
3532,[94170]
3533,[133957]
3551,[137475]
3560,[65643]
3571,[43210]
3585,[143184]
3587,[54601]
3593,[137395]
3599,[138048]
3645,[36167]
3659,[96990]
3664,[82595]
3669,[72865]
3673,[51367]
3693,[36654]
3703,[55234]
3710,[95425]
3716,[91627]
3721,[81500]
3732,[137389]
3744,[90594]
3751,[97593]
3766,[59119]
3782,[104228]
3792,[103883]
3794,[35831]
3799,[11080]
3800,"[44557, 35635, 84902]"
3801,[137000]
3805,[64144]
3807,[78082]
3810,[119659]
3846,[139363]
3850,[92964]
3860,[63189]
3870,[71811]
3872,"[193518, 60116]"
3874,[100436]
3909,[84599]
3915,[164974]
3933,[121318]
3936,[170281]
3942,[164027]
3951,[54398]
3960,[55414]
3963,[35966]
3976,[69621]
3981,[91354]
3982,"[143684, 18605]"
4011,[132269]
4015,[49163]
4022,[20642]
4031,[193481]
4033,[128977]
4041,[193313]
4044,[193316]
4047,"[120071, 61609]"
4066,[101940]
4072,[56216]
4088,[38044]
4089,[49059]
4092,[108262]
4102,[36775]
4109,[53698]
4147,[13440]
4148,[35721]
4158,[149746]
4174,[92161]
4183,[61929]
4200,[47047]
4213,[136688]
4219,[30795]
4261,[103531]
4270,[43670]
4291,[193491]
4311,[131908]
4317,[32452]
4337,[27918]
4367,[113526]
4381,[22228]
4384,[79906]
4399,[55316]
4409,[67952]
4417,[45564]
4443,[29821]
4456,[59530]
4465,[87341]
4487,[45595]
4493,[8926]
4494,[69860]
4518,[100604]
4542,[9369]
4559,"[41013, 4437]"
4580,[44156]
4596,[96744]
4598,[86463]
4653,[18557]
4698,[74023]
4745,[49597]
4790,[79565]
4792,[125313]
4817,[137235]
4818,[85139]
4835,[148513]
4839,[76129]
4858,[57216]
4869,[155664]
4872,[12718]
4875,[93679]
4882,[20220]
4900,[6424]
4904,[131642]
4905,[13236]
4915,[51910]
4919,[136162]
4938,[2005]
4943,[46907]
4955,[138302]
4960,[22680]
4982,[53805]
4994,[53885]
5008,[91587]
5020,[82714]
5027,[41573]
5029,[83270]
5032,[18017]
5038,[107146]
5067,[87295]
5071,[52867]
5073,[110249]
5075,[132154]
5079,[132074]
5105,[138748]
5121,[170388]
5131,[1501]
5134,[105696]
5140,[140479]
5154,[59352]
5168,[76511]
5187,[147065]
5193,[22881]
5202,[22219]
5203,[59777]
5205,[52566]
5208,[52547]
5211,"[85112, 52701]"
5231,[25457]
5235,[124998]
5237,[142855]
5242,[90518]
5247,[143545]
5254,[66016]
5260,[85892]
5263,[151465]
5269,[140552]
5284,"[45531, 50327]"
5285,[136710]
5291,[53719]
5296,[132742]
5300,[50981]
5303,[86424]
5317,[139651]
5319,[137923]
5320,[54367]
5324,[101603]
5332,[136108]
5334,[32928]
5368,[106582]
5371,[27977]
5373,[99939]
5381,[139506]
5393,"[144868, 66274]"
5410,[86030]
5414,[58459]
5415,[35147]
5417,[83059]
5442,[105790]
5451,[104265]
5453,[64063]
5470,[140950]
5480,"[101247, 129113, 1501]"
5481,[143861]
5487,[28058]
5497,"[83971, 54077, 44969]"
5535,[86500]
5536,[70144]
5547,[44501]
5553,[59267]
5554,[137681]
5587,[84016]
5592,[84362]
5599,[24657]
5609,[138135]
5610,[36115]
5613,[118591]
5619,[23486]
5632,[69900]
5655,[40106]
5657,[50866]
5670,[20487]
5672,[13138]
5677,[138041]
5691,[51707]
5706,[78444]
5708,[80589]
5719,[141060]
5720,[73654]
5726,[97047]
5728,[81713]
5754,[104370]
5766,"[12231, 103552]"
5775,[63163]
5801,[140995]
5806,[150454]
5823,[141515]
5830,[132092]
5840,[136759]
5868,[102741]
5881,[25389]
5887,[81952]
5894,[80784]
5901,[56842]
5909,[49938]
5929,[136853]
5934,[18533]
5937,[73767]
5941,[86514]
5942,[85775]
5952,[101254]
5962,"[40346, 45688]"
5963,[104220]
5967,[53691]
5971,[88555]
5972,[125826]
5991,[174356]
5998,[51066]
6003,[136518]
6005,[95394]
6009,[65997]
6010,[80609]
6019,[84333]
6032,[52449]
6035,"[142835, 12973]"
6039,[118442]
6040,[54664]
6044,[138777]
6046,[118280]
6058,[73971]
6069,[136935]
6070,[109607]
6091,[96615]
6108,[52293]
6121,[82518]
6127,"[60003, 22875]"
6131,[118366]
6134,[34819]
6148,[103690]
6176,[86501]
6179,[109792]
6192,[85853]
6201,[109915]
6209,[196740]
6220,[52867]
6221,[88352]
6223,[138169]
6227,[88468]
6228,[31299]
6236,[82624]
6253,[36112]
6261,[28004]
6269,[30446]
6275,[148504]
6317,[135944]
6321,[80034]
6331,[77463]
6348,[85653]
6360,[105652]
6367,[156636]
6368,[119281]
6392,[54255]
6405,[53852]
6407,[52164]
6413,[193320]
6422,[141040]
6428,[102956]
6459,[81511]
6472,[59275]
6479,[114045]
6491,[82506]
6494,[97055]
6519,[102762]
6530,[164439]
6573,[102574]
6579,[132311]
6581,[118598]
6603,[80820]
6632,[86713]
6659,[65490]
6692,[54300]
6697,[30477]
6699,[106137]
6708,[77131]
6709,[81349]
6722,[25440]
6732,[197900]
6765,[36504]
6796,[85457]
6820,[28230]
6830,[32326]
6837,[114135]
6840,[14841]
6849,[53853]
6853,[87349]
6874,[151644]
6883,[121817]
6890,[106824]
6897,[45694]
6899,[51543]
6904,[132411]
6906,[140562]
6940,[67276]
6943,[36687]
6949,[36633]
6956,[53788]
6969,[82527]
6984,[33177]
7012,[140995]
7032,[57700]
7036,[167586]
7037,[112355]
7055,[48967]
7061,[49754]
7069,[68899]
7078,[132393]
7079,"[45801, 23549]"
7084,[72839]
7092,[34518]
7094,[50315]
7104,[45351]
7110,[67023]
7111,[59353]
7125,[57219]
7127,[33849]
7128,[84187]
7134,[36189]
7154,[53785]
7156,[44655]
7176,[52640]
7194,[61683]
7225,[82408]
7230,[78797]
7256,[132245]
7287,[102914]
7301,[81984]
7317,[53785]
7345,[54546]
7346,[25180]
7357,[63746]
7361,[137288]
7368,[66716]
7384,[35869]
7389,[138211]
7396,[141466]
7398,[91074]
7418,[95413]
7465,[69135]
7471,[29587]
7472,[54183]
7483,[141176]
7488,[138113]
7500,[36575]
7524,[45684]
7527,[104416]
7546,[79578]
7558,[141278]
7568,[142990]
7572,[37484]
7592,[54442]
7604,[114241]
7612,[54469]
7632,[53911]
7643,[85332]
7651,[58124]
7653,[98727]
7657,"[72417, 40295]"
7660,[131652]
7685,[129422]
7704,[136300]
7724,[193504]
7742,[50205]
7744,[22690]
7748,[43790]
7753,[83270]
7765,[124772]
7780,[56995]
7788,[30861]
7793,[71940]
7799,[109518]
7800,[25107]
7802,[59872]
7808,[82511]
7815,[102860]
7816,[83368]
7817,[142086]
7819,[102374]
7829,[137030]
7842,[23178]
7868,[29115]
7888,[147500]
7901,[51568]
7906,[27231]
7909,[35570]
7910,[41493]
7922,[144178]
7929,[147378]
7930,[124961]
7933,[79351]
7934,[115589]
7966,[69268]
7973,[45554]
7977,[53682]
7981,[163770]
7982,[51392]
7985,"[60002, 144461]"
7986,[148624]
7993,[43318]
8019,[124802]
8021,[63180]
8025,[193268]
8037,[54180]
8052,[137174]
8054,[20896]
8072,[65924]
8076,[64636]
8086,[106504]
8090,[59108]
8106,[106576]
8131,"[3889, 156771]"
8142,[132305]
8151,[13461]
8165,[53782]
8168,[80747]
8181,[50651]
8193,[105752]
8194,"[124515, 55271]"
8196,[118585]
8200,[45176]
8243,[97673]
8244,[50987]
8249,[105768]
8271,"[115475, 108683]"
8276,[56835]
8284,[94503]
8290,[147185]
8294,[50593]
8304,[98679]
8312,[146937]
8318,[50055]
8319,[111511]
8330,[43314]
8334,[66222]
8344,[97789]
8359,[137582]
8374,[80426]
8399,[152878]
8401,[36719]
8406,[65594]
8407,[81433]
8412,[81647]
8425,[138215]
8426,[56927]
8448,[114242]
8449,[66030]
8453,[80894]
8471,[75060]
8487,[23178]
8489,[124677]
8497,[77233]
8499,[44949]
8511,[46525]
8513,[80568]
8530,[71238]
8541,"[94533, 133534]"
8552,[114770]
8557,"[138526, 76603]"
8561,[34544]
8570,[113992]
8575,[54395]
8578,[54211]
8580,[28634]
8582,[53992]
8625,[14874]
8632,[144052]
8643,[51533]
8647,[106965]
8666,[103605]
8668,[68322]
8669,[149946]
8675,[54390]
8676,[19808]
8692,[18557]
8694,[63731]
8695,[138780]
8706,[51040]
8714,[141832]
8715,[81423]
8739,[143410]
8741,"[85930, 173926]"
8745,[34635]
8754,[85557]
8760,[62402]
8762,[87289]
8771,[53517]
8795,[147420]
8800,[39800]
8801,[50138]
8803,[141185]
8835,[48806]
8846,[119074]
8856,[89762]
8861,[54535]
8866,[95268]
8867,[141795]
8878,[53401]
8907,"[153604, 45863]"
8908,"[165665, 37644]"
8924,[81151]
8927,[99782]
8928,[141621]
8931,[72320]
8936,[75742]
8939,[103022]
8954,[109618]
8956,[47954]
8964,[59080]
8969,[44368]
8989,[51162]
8992,[150860]
8995,[50094]
8997,[54070]
9001,[84438]
9007,[96528]
9039,[136986]
9063,[98470]
9064,[74922]
9090,[139349]
9104,[129502]
9133,[123652]
9142,[176725]
9158,[45418]
9162,[80859]
9175,[51364]
9190,[22690]
9194,[29851]
9226,[51253]
9229,[50344]
9231,[105762]
9253,[144681]
9282,[37644]
9294,[137580]
9310,[62711]
9317,[137252]
9324,[51464]
9334,[27428]
9358,[69223]
9383,[94811]
9425,[147185]
9427,[72866]
9433,[64074]
9438,[69843]
9444,[51106]
9446,[51577]
9459,[133168]
9471,[95195]
9488,[111080]
9507,[53695]
9541,[106825]
9548,[51556]
9568,[52688]
9570,[36619]
9573,[44398]
9598,[39371]
9621,[137305]
9622,[56589]
9623,[107539]
9633,[67510]
9640,[103456]
9650,[51097]
9667,"[133764, 52407]"
9673,[131868]
9688,[136776]
9703,[14333]
9706,[52482]
9722,[54190]
9732,[130083]
9738,[70020]
9743,[30861]
9778,[80501]
9798,[88950]
9814,[76446]
9815,[156580]
9827,[106827]
9857,[36298]
9899,[53643]
9900,[52910]
9915,[193448]
9917,[112477]
9924,[84349]
9925,[81011]
9930,[147363]
9943,[137179]
9948,[53757]
9951,[53757]
9973,[14559]
9977,[105667]
10009,[54026]
10010,[54197]
10014,[50995]
10016,[58271]
10017,[58932]
10020,[12757]
10030,[54424]
10041,[81840]
10044,[84349]
10050,[98644]
10067,[36895]
10078,[50367]
10082,[14841]
10095,[76634]
10097,[54405]
10103,[147095]
10109,[150646]
10114,[175890]
10131,[84301]
10141,[70124]
10157,[88139]
10162,[54399]
10169,[139540]
10173,[83527]
10201,[143109]
10212,[199731]
10216,[97170]
10233,[119733]
10236,[137551]
10242,"[33339, 104014]"
10243,"[200221, 36620]"
10267,[80819]
10271,[93147]
10292,[88544]
10306,[83370]
10312,[22730]
10313,[147518]
10329,[56016]
10332,[51215]
10337,[140973]
10338,[147672]
10344,[52412]
10347,[96544]
10359,[35468]
10372,[56082]
10386,[60156]
10387,[91932]
10390,[148787]
10421,[138138]
10461,[82744]
10463,[62213]
10473,[25646]
10487,[94666]
10498,[144114]
10505,[141239]
10510,[132880]
10530,"[193362, 29420]"
10531,[64515]
10551,[107921]
10561,[127842]
10563,[82063]
10564,[53379]
10565,[65916]
10568,[30553]
10578,[43385]
10589,[113314]
10595,[141104]
10601,[193285]
10608,[39215]
10612,[28092]
10625,[58088]
10626,[102265]
10633,[45554]
10644,[137168]
10649,[78573]
10651,[144404]
10671,[137403]
10682,[144942]
10683,[103761]
10684,[24521]
10688,[84557]
10699,[143773]
10728,[81151]
10743,[43316]
10745,[45724]
10747,[27887]
10748,[85930]
10757,[140338]
10764,[14537]
10774,[69860]
10777,[69749]
10784,[54001]
10795,[103651]
10800,[83432]
10812,[21498]
10838,[114418]
10847,[41243]
10852,[103998]
10860,[61303]
10866,[50523]
10894,[62829]
10907,[68835]
10912,[119733]
10928,[144771]
10933,[122026]
10956,[63273]
10961,[147599]
10968,[87341]
10990,[77001]
11003,[83059]
11011,[83307]
11014,"[103552, 12231]"
11053,[38043]
11054,[142602]
11057,[63717]
11060,[107296]
11067,[94127]
11076,"[30852, 147179]"
11091,[96551]
11105,[37700]
11164,[39362]
11171,[156718]
11172,[51707]
11188,[18603]
11224,[121611]
11226,[197749]
11253,[140944]
11266,[140932]
11270,[80226]
11271,[121355]
11295,[144767]
11325,[23490]
11330,[59317]
11336,[154733]
11369,[103261]
11383,[50984]
11395,[65643]
11414,[139352]
11417,[105573]
11431,[69528]
11434,[139192]
11438,[147653]
11443,[94439]
11455,[96632]
11456,[101640]
11458,[120723]
11464,"[141107, 75549]"
11465,[50691]
11472,[59414]
11500,[84310]
11504,[22752]
11511,[120712]
11526,[54282]
11528,[51516]
11537,[25569]
11551,[141257]
11595,[132334]
11612,[33925]
11634,[144240]
11645,[68687]
11670,[132306]
11679,[96583]
11682,[121585]
11688,[54166]
11702,[118349]
11710,[67346]
11712,[65430]
11732,[83341]
11746,[118477]
11748,[43378]
11764,[84528]
11769,[137499]
11782,[145004]
11791,[151013]
11792,[80092]
11794,[103222]
11815,[51556]
11826,"[63364, 72218]"
11832,[41030]
11842,[31439]
11859,[58271]
11868,"[45341, 97491]"
11882,[137168]
11888,[36751]
11899,[81718]
11930,[14339]
11953,[133751]
11957,[54398]
11964,[151006]
12005,[95266]
12008,[116700]
12028,[134317]
12037,[57791]
12039,[57031]
12042,[129502]
12059,[51323]
12060,[197694]
12064,[153587]
12074,[22678]
12098,[108471]
12110,[85929]
12114,[81718]
12141,[141812]
12151,[137026]
12168,[110998]
12180,[132312]
12183,[54005]
12200,"[141816, 54027]"
12229,[4629]
12234,[44563]
12240,[90809]
12247,[124055]
12248,[36784]
12259,[59080]
12263,[121313]
12265,[45673]
12272,[15041]
12317,[87871]
12344,[51323]
12362,[59458]
12374,[74810]
12381,[147520]
12424,[36400]
12430,[51854]
12442,[29187]
12450,[176337]
12454,[54060]
12464,[10564]
12491,[119982]
12508,[134316]
12522,[197220]
12568,[98618]
12575,[10512]
12579,[54473]
12585,[86293]
12589,[49035]
12591,[127173]
12605,[127772]
12630,[107107]
12635,[82712]
12647,[90420]
12682,[132722]
12726,[81896]
12743,[123673]
12757,[77462]
12758,[69405]
12769,[66754]
12784,[118324]
12789,[110502]
12800,[54487]
12846,"[115423, 77483]"
12848,[115423]
12859,[141207]
12898,[145603]
12913,[102737]
12914,[87894]
12920,[53974]
12933,[147055]
12946,[21987]
12993,[83970]
13010,[35829]
13012,[53643]
13017,[50760]
13021,[138302]
13059,[143749]
13072,[53732]
13073,[53732]
13076,[118724]
13100,[82512]
13105,[112121]
13117,[128676]
13118,[151300]
13121,[79679]
13126,[53692]
13130,[12778]
13134,[84375]
13141,[91647]
13164,[73971]
13177,[36611]
13179,[62100]
13183,[139401]
13185,[86932]
13188,[133751]
13190,[157008]
13195,[79344]
13204,[80008]
13220,[51707]
13223,[156]
13252,[109643]
13258,[64629]
13278,[54478]
13299,"[137227, 60086]"
13306,[136851]
13319,[80023]
13329,[80598]
13338,[43314]
13345,[81070]
13351,[72114]
13352,[81351]
13370,[81173]
13375,[121592]
13383,[81242]
13384,[59139]
13393,[45886]
13409,[135725]
13413,[147055]
13420,[43314]
13441,[137625]
13462,[69304]
13473,[41060]
13481,[57004]
13488,[50998]
13494,[18832]
13501,[141180]
13504,[37166]
13505,[82117]
13514,[140928]
13515,[80340]
13524,[131959]
13560,[138082]
13569,[113189]
13577,[45850]
13585,[36723]
13591,[51854]
13598,[138285]
13606,[36746]
13615,[60062]
13620,[103598]
13633,[98428]
13649,[57174]
13658,[122028]
13667,[83217]
13670,[149745]
13674,[54421]
13687,[44231]
13714,[85585]
13716,[45176]
13721,[124556]
13733,[140479]
13734,[30919]
13743,[150539]
13746,[99935]
13757,[156708]
13782,[145198]
13798,[132512]
13822,[24188]
13826,[81511]
13847,[87640]
13860,[22787]
13861,[136806]
13876,[165592]
13894,[78555]
13896,[104258]
13897,[109642]
13906,[64149]
13916,[200563]
13927,[53765]
13938,[22847]
13946,[43454]
13960,[138085]
13965,[80734]
13971,[54481]
13972,[110125]
13977,[3351]
13979,[59414]
14009,[85244]
14015,[138106]
14042,"[59210, 4961]"
14051,[166245]
14094,[70128]
14132,[60062]
14138,[68998]
14139,[90551]
14151,[80193]
14166,"[88784, 22188]"
14172,[86640]
14189,[9902]
14194,[142889]
14198,[105884]
14199,[133768]
14209,[136646]
14211,[141019]
14235,[80325]
14254,[90722]
14258,[75669]
14268,[50960]
14272,[54479]
14283,[72410]
14284,[34909]
14298,[36597]
14311,[87255]
14323,[138203]
14324,[108700]
14336,[44391]
14342,[83054]
14347,[36801]
14375,[59100]
14403,"[102524, 147058]"
14404,[106988]
14405,[68512]
14413,[51422]
14428,[193588]
14429,[80966]
14454,[93173]
14455,[54192]
14469,[74625]
14480,[36649]
14483,[141202]
14484,"[106582, 61816]"
14488,[125008]
14494,[147406]
14506,[53819]
14527,[64147]
14529,[113189]
14590,[72653]
14620,[59199]
14628,[87405]
14636,[144582]
14662,[108908]
14693,[53876]
14705,[90575]
14706,[107523]
14708,"[54536, 53775]"
14733,[71238]
14738,[91074]
14765,[124068]
14775,[53662]
14801,[25292]
14823,[148886]
14826,[92653]
14827,[199239]
14840,[77462]
14862,[54554]
14868,[80507]
14880,[104350]
14893,[65143]
14898,[92883]
14917,"[108580, 89960]"
14920,[56526]
14930,"[59105, 132851]"
14932,[52438]
14974,[76207]
14996,[157055]
15008,[84012]
15014,[70003]
15051,[87276]
15066,[132155]
15069,[99999]
15078,[376]
15085,[151926]
15092,[54027]
15098,[54300]
15113,[138756]
15118,[11808]
15119,[56216]
15122,[98519]
15195,[59270]
15204,[54403]
15242,[79465]
15256,[50141]
15263,[69332]
15278,[101135]
15302,[119924]
15308,[106639]
15312,[3889]
15313,[102705]
15332,[48176]
15334,[140986]
15341,[100618]
15347,[95092]
15349,[56970]
15358,[65228]
15365,[110482]
15377,[113033]
15379,[146576]
15391,[58080]
15393,[27399]
15399,[100734]
15401,[49030]
15421,[123673]
15433,[60195]
15440,[102241]
15451,[35557]
15484,"[132381, 63882]"
15486,[90638]
15487,[96628]
15503,[89807]
15505,[24868]
15506,[96091]
15509,[41234]
15512,[80178]
15534,[133870]
15535,[123117]
15538,[56182]
15548,[56536]
15551,[7168]
15576,[51705]
15626,[79543]
15629,[52938]
15680,[51261]
15692,[110323]
15696,[147565]
15723,[59047]
15725,[121593]
15743,[54029]
15760,[51033]
15767,[50645]
15771,[133132]
15782,[33860]
15790,[62388]
15791,[59267]
15800,[96625]
15804,[78086]
15818,[92924]
15819,[59368]
15854,[57010]
15859,[20410]
15864,[97412]
15870,[124151]
15885,[118544]
15892,[57073]
15901,[101254]
15902,[96615]
15903,[33419]
15914,[54030]
15918,[156965]
15927,[171744]
15981,[106034]
15982,[79493]
15997,[53772]
16016,[193275]
16019,[119682]
16026,[72749]
16053,[99933]
16066,[193573]
16067,[147344]
16080,[69016]
16082,"[135955, 136386]"
16106,[143410]
16110,[146801]
16153,[169256]
16163,"[87149, 64592]"
16170,[65987]
16212,[13510]
16213,"[137248, 85908]"
16226,[142607]
16235,[38968]
16244,[36652]
16277,[80020]
16286,[36537]
16298,[18557]
16302,[147055]
16307,"[136982, 85937]"
16309,[27417]
16310,"[132175, 27417]"
16317,[50724]
16320,[134325]
16324,[140985]
16330,[146950]
16335,[63681]
16410,[49753]
16416,[101132]
16421,[89415]
16425,[92669]
16428,[108696]
16432,[126913]
16442,[81144]
16459,[101854]
16463,[200715]
16478,[141194]
16487,[84013]
16491,[112119]
16498,"[83557, 145198]"
16516,"[90948, 90937]"
16519,[90948]
16528,[102175]
16545,[147521]
16555,[48806]
16566,[138079]
16575,[81031]
16587,[155707]
16604,"[147643, 91747]"
16612,[90600]
16623,[65430]
16629,[44341]
16631,[132438]
16656,[118512]
16682,[110089]
16693,[96692]
16694,[121677]
16698,[149826]
16707,[86908]
16713,[69893]
16751,[20494]
16784,[67749]
16793,[62101]
16828,[44332]
16837,[146765]
16848,[132188]
16864,[103936]
16872,[108467]
16874,[22976]
16882,[200349]
16908,"[36510, 108694]"
16913,[194005]
16917,[81913]
16936,[147390]
16941,[103410]
16969,[36893]
16995,[63886]
17024,[101848]
17029,[147659]
17034,[53682]
17038,[12765]
17067,[139606]
17075,[45576]
17080,[151465]
17094,[51465]
17105,[51444]
17107,[81188]
17124,[114776]
17138,[194093]
17144,"[89110, 103613]"
17145,[145159]
17180,[85908]
17187,[22787]
17195,[143147]
17196,[80596]
17200,[168061]
17207,[92160]
17232,"[139230, 69259]"
17255,[156719]
17270,[54320]
17291,[106209]
17296,[29312]
17308,[105484]
17310,[95421]
17337,[84642]
17338,[137221]
17418,[97474]
17434,[90671]
17453,[111713]
17460,[74820]
17461,[117679]
17469,[36455]
17501,[96844]
17523,[112492]
17533,[40711]
17567,"[142676, 137582]"
17602,[137677]
17615,[147617]
17621,[146144]
17622,"[96091, 35993]"
17626,[43301]
17637,[113419]
17638,[72057]
17642,[200520]
17646,[113521]
17651,[78807]
17653,[26633]
17668,[127772]
17679,[50251]
17694,[59916]
17696,[41192]
17697,[58351]
17703,[25915]
17716,[132296]
17724,[79559]
17728,[99569]
17731,[81891]
17734,[144842]
17744,[122026]
17759,[82668]
17765,[79297]
17776,[102914]
17779,[51346]
17783,[132105]
17801,[110585]
17805,[52564]
17857,[31411]
17861,[82694]
17875,[52481]
17881,[74904]
17901,[141203]
17912,[40434]
17925,[61840]
17947,[112641]
17965,"[91642, 197910, 71848]"
17966,[15627]
17972,[47080]
17981,[139605]
17995,[115420]
18020,[104023]
18021,[32756]
18038,[140991]
18042,[32640]
18080,[132051]
18106,[77131]
18112,[127772]
18113,[74186]
18114,[50358]
18119,[131928]
18123,[42690]
18129,[27105]
18134,[63900]
18139,[107092]
18146,[36882]
18156,[119243]
18196,[136845]
18199,[35939]
18210,[119212]
18231,[39090]
18237,[138751]
18241,[22186]
18243,[100714]
18244,[140552]
18250,[103902]
18252,[122666]
18276,[132306]
18293,[29587]
18300,[119309]
18301,[32242]
18310,"[11734, 27279]"
18326,[28936]
18335,[53803]
18354,[30921]
18365,[35626]
18367,[119708]
18404,"[81900, 64074]"
18406,[194076]
18412,[39283]
18413,[22050]
18430,[52511]
18434,[22683]
18439,[39031]
18443,[28496]
18447,[33260]
18456,[147275]
18458,"[79468, 15776]"
18472,[103469]
18482,[99717]
18488,[176692]
18490,[42643]
18494,[87633]
18507,[193326]
18532,[52553]
18536,[137518]
18556,[142612]
18567,[66929]
18568,[55058]
18579,[59764]
18581,[81404]
18593,[21562]
18598,[101142]
18602,[33379]
18606,[54526]
18610,[81896]
18627,[137791]
18632,[28335]
18635,[69584]
18642,[53853]
18651,[119982]
18660,[150183]
18674,[69749]
18696,[55364]
18700,[108098]
18716,[45386]
18721,[49623]
18732,[84902]
18740,[54524]
18741,[136657]
18746,[61921]
18748,[58839]
18751,[59188]
18753,[136678]
18771,[51707]
18772,[83446]
18782,[36596]
18801,[137902]
18809,[147676]
18819,[145263]
18841,[45117]
18880,[110733]
18897,[122666]
18902,[3694]
18909,[26134]
18914,[62407]
18922,[105452]
18940,[80078]
18946,[13456]
18954,[140761]
18961,"[15645, 102307]"
18975,[109045]
18984,[136281]
19011,[141040]
19025,[80996]
19030,[61707]
19031,[107042]
19034,[123824]
19039,[118158]
19073,[142335]
19079,[61925]
19104,[49238]
19119,[137607]
19123,[53751]
19127,"[113128, 81299]"
19129,[67480]
19134,[36705]
19147,[29977]
19204,[174509]
19209,[33862]
19210,[25747]
19211,[54153]
19212,[32138]
19219,[106890]
19225,[140591]
19242,[138707]
19243,[69749]
19247,[62395]
19261,[110482]
19263,[85598]
19267,[46996]
19268,[80009]
19274,"[121780, 116871]"
19284,[83054]
19288,[44735]
19302,"[104604, 50386]"
19307,[69735]
19313,[45637]
19337,[106443]
19349,[136047]
19351,[90148]
19360,[132170]
19400,[69302]
19406,[101968]
19408,[32501]
19414,[136762]
19416,[103705]
19436,[54551]
19469,[89618]
19473,[106542]
19485,[104095]
19495,"[26959, 55062]"
19514,[106988]
19534,[72037]
19549,[111598]
19558,[141060]
19565,[9700]
19570,[106154]
19576,[81132]
19581,[80157]
19609,[48095]
19615,[53822]
19621,[68704]
19628,[62057]
19632,[88265]
19648,[138138]
19655,[57707]
19667,[18384]
19683,[28368]
19686,[124562]
19687,[84386]
19692,[15041]
19697,[4685]
19699,[25057]
19706,[132592]
19719,[90532]
19751,[99243]
19759,[95520]
19763,[125617]
19799,[103950]
19852,[145050]
19863,[12764]
19892,[80366]
19894,[148887]
19919,[72000]
19920,[125009]
19925,[54491]
19958,[85737]
19959,[141540]
20014,[43630]
20023,[50691]
20036,[29291]
20044,[52459]
20057,[107297]
20092,[54248]
20094,[59134]
20123,[56839]
20139,[36115]
20151,[100656]
20154,[78083]
20169,[133150]
20170,[136408]
20186,[105581]
20188,[141100]
20202,[59347]
20203,[59347]
20222,[136626]
20228,[67750]
20269,[65329]
20292,[59351]
20296,[26249]
20323,[53864]
20328,[34115]
20331,[36631]
20338,[80794]
20356,[138847]
20369,[10454]
20374,[23000]
20381,[8857]
20383,[193338]
20387,[49671]
20389,[99835]
20390,[51431]
20393,"[44704, 28368]"
20401,[193941]
20412,[47297]
20419,[82806]
20420,[88538]
20430,[11744]
20439,[142687]
20495,[94183]
20564,[94811]
20583,"[82712, 137349]"
20589,"[44501, 50487]"
20591,[149210]
20623,"[43722, 66293]"
20641,[98469]
20642,[85244]
20664,[147778]
20679,[81933]
20683,"[133567, 96782]"
20692,[49751]
20699,[87498]
20702,[57116]
20730,[27181]
20739,[19808]
20742,[80516]
20750,[44414]
20772,[57491]
20775,[64823]
20788,[136978]
20843,[81957]
20891,[147053]
20906,[51444]
20907,[81334]
20908,[79510]
20919,[36660]
20930,[107847]
21002,[50462]
21011,[133961]
21014,[72931]
21019,[112948]
21033,[33842]
21047,[165190]
21059,[22188]
21061,[135993]
21067,[81790]
21131,[81504]
21138,[35445]
21158,[62010]
21164,[174220]
21171,[151300]
21174,[22725]
21178,[114325]
21185,[150814]
21195,[33805]
21225,[83261]
21240,[56127]
21243,[103382]
21255,[193469]
21257,[47171]
21282,[172124]
21290,[142409]
21294,[151013]
21334,[89415]
21351,"[167020, 137292]"
21358,[64515]
21363,[76610]
21372,[14841]
21375,[50980]
21378,"[34138, 34218]"
21399,[50206]
21402,[120231]
21409,[89379]
21417,[81270]
21429,[107118]
21430,[74922]
21453,[22847]
21477,[87894]
21484,[52755]
21526,[66220]
21540,[53805]
21545,[48092]
21556,[59764]
21563,[57460]
21565,[125009]
21568,[132332]
21574,"[143773, 21711]"
21575,[151013]
21582,[51159]
21588,[155432]
21593,"[70078, 143402]"
21597,[14336]
21598,[34253]
21603,[19987]
21652,[101863]
21685,[147626]
21708,[90933]
21720,[23320]
21741,[51531]
21772,[141106]
21782,"[132203, 110279]"
21796,[69039]
21836,[90575]
21906,[47570]
21927,[20513]
21955,[138188]
21956,[113536]
21981,[136715]
21998,[103935]
22004,[104415]
22017,[36545]
22035,[62378]
22040,[137656]
22042,[102745]
22055,[22851]
22058,[193606]
22059,[59142]
22068,"[119240, 102693]"
22078,[136227]
22091,[47610]
22120,[46158]
22132,[10639]
22143,[102319]
22144,[51498]
22150,[102570]
22154,[53418]
22159,[80340]
22173,[79896]
22195,[49430]
22200,[21457]
22205,[137248]
22209,[50366]
22221,[80064]
22223,[150478]
22255,[98679]
22256,[119956]
22266,[167421]
22275,[35705]
22278,[193319]
22284,[52578]
22293,[54439]
22294,[118414]
22314,[81023]
22323,[81268]
22325,[89108]
22332,[171911]
22385,[28104]
22403,[371]
22405,[156767]
22428,[57219]
22435,[147058]
22444,[94456]
22449,[82516]
22458,[29112]
22506,[59154]
22823,[120734]
22824,[102925]
22852,[14178]
22855,[149746]
22872,[168665]
22879,[163958]
22885,[79175]
22954,[54516]
22956,[81799]
22967,[143578]
22971,[118779]
22987,[36114]
22992,[74401]
23009,[34903]
23025,[173516]
23035,[68159]
23041,[143773]
23042,[15041]
23043,[96472]
23048,[167240]
23065,[59355]
23070,[167204]
23083,"[105616, 103423]"
23086,[99852]
23099,[105884]
23118,[172413]
23125,[124682]
23136,[17652]
23144,[168162]
23148,[176368]
23157,[174230]
23166,[54820]
23174,[56889]
23182,[132738]
23183,[69304]
23219,[131591]
23220,[167834]
23221,[167875]
23237,[168061]
23247,[168145]
23255,[131652]
23263,[167671]
23295,[143413]
23296,[171342]
23305,[168796]
23317,[96624]
23318,[168153]
23322,[177150]
23344,[103901]
23366,[171603]
23367,[132389]
23378,[171478]
23397,[121326]
23407,[172095]
23418,[103980]
23420,[172221]
23424,[63273]
23426,[165864]
23441,[121314]
23456,[172612]
23464,[27606]
23492,[163799]
23502,[163722]
23534,[163636]
23540,[45552]
23547,[136074]
23554,[80982]
23574,[174356]
23585,[87149]
23605,[138130]
23613,[175759]
23622,[169449]
23638,[167515]
23647,[81133]
23656,[193487]
23673,[163190]
23678,[85885]
23692,[172914]
23703,[54325]
23705,[173001]
23724,[141499]
23732,[100631]
23734,[96748]
23741,[143415]
23743,[47627]
23753,[99904]
23783,[34224]
23784,[91651]
23793,[89930]
23804,[167875]
23805,[72063]
23824,[136089]
23842,[94432]
23861,[141616]
23863,[52609]
23871,[34814]
23872,[65885]
23881,[76355]
23897,[132447]
23901,[12294]
23905,[4895]
23906,[34900]
23936,[132310]
23939,[81794]
23980,[132443]
23990,[118324]
23994,[104409]
24002,[121567]
24013,[91103]
24033,[58208]
24035,[119761]
24040,[61614]
24054,[51073]
24064,[132448]
24069,[107238]
24080,[103221]
24082,[54189]
24087,[64925]
24093,[132307]
24102,[79423]
24116,[72170]
24134,[132372]
24137,[85463]
24138,[53713]
24148,[149001]
24151,[108694]
24251,[9922]
24259,[104512]
24262,[68698]
24274,[132327]
24288,[144443]
24310,[144942]
24311,[132440]
24329,[142623]
24332,[131927]
24340,[17878]
24342,[111868]
24346,[80747]
24348,[87405]
24356,[43318]
24385,[93736]
24411,[112058]
24414,[61335]
24417,[36767]
24532,[141185]
24566,[21772]
24574,"[95407, 105637]"
24578,[68851]
24583,[41148]
24584,[121596]
24586,[166022]
24590,"[121574, 43670]"
24633,[41187]
24636,[121603]
24648,[143378]
24666,[110822]
24674,[121619]
24683,[48181]
24691,[50183]
24720,[20932]
24728,[69160]
24737,[81023]
24738,[122847]
24746,[39027]
24750,[121607]
24755,[90597]
24758,[81665]
24768,[139766]
24771,[42309]
24778,[69228]
24785,[193325]
24790,[137659]
24792,[104208]
24806,[104215]
24816,[61019]
24817,[33217]
24891,[137916]
24892,[129422]
24898,[69211]
24909,[51215]
24910,[193600]
24914,[141142]
24924,[193279]
24946,[80549]
24948,[138146]
24960,[81673]
24978,[193331]
24991,[193608]
24994,[57699]
24999,[193469]
25000,[193363]
25011,[143175]
25028,[98619]
25044,[193400]
25079,[193346]
25089,[77485]
25093,[193354]
25097,[49486]
25105,[193351]
25116,[62357]
25118,[118366]
25135,[193575]
25150,[91632]
25157,[81436]
25217,[58939]
25230,[193270]
25236,[85969]
25238,[104357]
25248,[51618]
25261,[193577]
25262,[193406]
25270,[193453]
25274,[105427]
25275,[58206]
25280,[193581]
25288,[193476]
25312,"[100413, 139752]"
25321,[193350]
25330,[41194]
25335,[193494]
25365,[152212]
25504,[50826]
25521,[132084]
25528,[193855]
25536,[170833]
25540,[137137]
25542,[25701]
25557,[144550]
25575,[104357]
25620,[79326]
25624,[100475]
25634,[59182]
25642,[146137]
25655,[193589]
25671,[28973]
25692,[53247]
25695,[81957]
25697,[108022]
25702,[136143]
25710,"[60075, 153956]"
25730,[56143]
25754,[137252]
25755,[27883]
25762,[103522]
25803,[121330]
25831,[202891]
25832,[81933]
25849,[124388]
25852,"[142993, 12648]"
25854,[96354]
25878,"[193275, 82118]"
25905,[60068]
25918,[83584]
25948,[47489]
25955,[21666]
25977,[52271]
25978,[51498]
25992,[193468]
25995,[43617]
26011,[104482]
26032,[52734]
26035,[114084]
26037,[29771]
26046,[132512]
26057,[103274]
26063,[67401]
26083,[72132]
26084,[142999]
26096,[144181]
26097,[144912]
26098,[119464]
26099,[86371]
26100,[132355]
26108,[103975]
26110,[62541]
26119,[110514]
26128,[21987]
26144,[132411]
26148,[114936]
26151,[143195]
26176,[166943]
26179,[89432]
26192,[25701]
26209,[29461]
26233,[149812]
26238,[34218]
26239,[111410]
26287,[78075]
26292,[99692]
26298,[80561]
26303,[103761]
26327,[119464]
26331,[110074]
26332,[133328]
26342,[61391]
26344,[102568]
26349,[141790]
26354,[60056]
26358,[112956]
26365,[30890]
26374,[71992]
26378,"[104956, 71992]"
26380,[118663]
26382,[13223]
26386,[143604]
26416,[106574]
26426,[84345]
26428,[146615]
26430,[136087]
26447,[132304]
26472,[104022]
26481,[80156]
26498,[72146]
26500,[58111]
26525,[132183]
26537,[31439]
26556,[121624]
26576,[95258]
26579,[121730]
26584,[146585]
26699,[105020]
26700,[97647]
26711,[80771]
26733,[78814]
26740,[23335]
26780,[51274]
26781,[51274]
26800,[79372]
26822,[54515]
26853,[105584]
26854,[52481]
26866,[36959]
26882,[78670]
26883,[50459]
26908,[14178]
26909,[83401]
26936,[49243]
26943,[63683]
26951,[84591]
26985,[51433]
26989,[44499]
26995,[137232]
27000,[66424]
27006,[141580]
27008,[105620]
27023,[36546]
27024,[123459]
27031,[85069]
27037,[83203]
27070,[85885]
27085,[57134]
27086,[65907]
27107,[2287]
27108,[138225]
27147,[201180]
27171,[15245]
27175,[26520]
27179,[59010]
27180,[51067]
27209,[193348]
27233,[56566]
27266,[34568]
27268,[50990]
27274,"[94599, 54406]"
27289,[52284]
27301,[119208]
27306,[41146]
27320,[115337]
27330,[85562]
27335,[52466]
27356,[132551]
27361,[41233]
27368,[107303]
27376,"[37447, 110089]"
27377,[65601]
27381,[64636]
27398,[71849]
27418,[60108]
27422,[153955]
27429,[51165]
27438,[53746]
27446,"[132132, 53729]"
27449,[165057]
27457,[132406]
27458,[46544]
27483,[81367]
27523,[34100]
27547,[171924]
27557,[59972]
27560,"[139159, 193587]"
27562,[118493]
27574,"[54459, 137302]"
27584,[64063]
27595,[75742]
27597,[52718]
27609,[104417]
27615,[58933]
27619,[54410]
27620,[106125]
27646,[23178]
27650,[103442]
27715,[53563]
27727,[74145]
27729,[193593]
27735,[144146]
27740,[48830]
27745,[108974]
27748,[132114]
27749,[110276]
27752,[53972]
27755,[52536]
27756,[72225]
27765,[54335]
27779,[84506]
27780,[35509]
27793,[104184]
27809,[144181]
27832,"[83562, 40711]"
27840,"[103585, 79959]"
27842,[59151]
27862,[101234]
27867,[53825]
27874,[36644]
27885,[97632]
27894,[143409]
27901,[82835]
27905,[81167]
27912,[137092]
27913,[52640]
27915,[84049]
27932,[80596]
27940,[137678]
27948,[118280]
27963,[96675]
27969,[106665]
27974,[85070]
28019,[41935]
28024,[137286]
28034,[80561]
28038,[51432]
28039,[51632]
28050,[45110]
28081,[79713]
